{
    "D2_2460"
    :{
        "m0":2.4607,
        "m_min":2.4603,
        "m_max":2.4611,
        "g0":0.0475,
        "g_min":0.0464,
        "g_max":0.0486,
        "J":2,
        "Par":1,
        "Chain":21,
        "bw": "default",
        "const": [0,0]
    },
    "D2_2460p"
    :{
        "m0":2.4654,
        "m_min":2.4644,
        "m_max":2.4667,
        "g0":0.0467,
        "g_min":0.0455,
        "g_max":0.0479,
        "J":2,
        "Par":1,
        "Chain":121,
        "coef_head":"D2_2460"
    },
    "D1_2430"
    :{
        "m0":2.427,
        "m_min":2.387,
        "m_max":2.467,
        "g0":0.384,
        "g_min":0.274,
        "g_max":0.514,
        "J":1,
        "Par":1,
        "Chain":12
    },
    "D1_2430p"
    :{
        "m0":2.427,
        "m_min":2.387,
        "m_max":2.467,
        "g0":0.384,
        "g_min":0.274,
        "g_max":0.514,
        "J":1,
        "Par":1,
        "Chain":112,
        "coef_head":"D1_2430"
    },
    "D1_2420"
    :{
        "m0":2.4208,
        "m_min":2.4203,
        "m_max":2.4213,
        "g0":0.0317,
        "g_min":0.0292,
        "g_max":0.0342,
        "J":1,
        "Par":1,
        "Chain":11
    },
    "D1_2420p"
    :{
        "m0":2.4232,
        "m_min":2.4208,
        "m_max":2.4256,
        "g0":0.025,
        "g_min":0.019,
        "g_max":0.021,
        "J":1,
        "Par":1,
        "Chain":111,
        "coef_head":"D1_2420"
    },
    "Zc_4025"
    :{
        "m0":4.0263,
        "g0":0.0248,
        "J":1,
        "Par":1,
        "Chain":-1,
        "total": 1.0
    },
    "Zc_4160"
    :{
        "m0":4.17329,
        "g0":0.0921485,
        "J":1,
        "Par":1,
        "Chain":-2,
        "float": false
    }
}
