{
  "rho_mass": 1.0,
  "rho_width": 0.05,
  "f2_mass": 1.5,
  "f2_width": 0.1,
  "Zc2_mass": 3.9,
  "Zc2_width": 0.05,
  "Zc1_mass": 3.9,
  "Zc1_width": 0.05,
  "ee->jpsi.rhojpsi->mup.mumrho->pip.pim_total_0r": 0.1,
  "ee->jpsi.rhojpsi->mup.mumrho->pip.pim_total_0i": 0.0,
  "ee->jpsi.rho_g_ls_0r": 1.0,
  "ee->jpsi.rho_g_ls_0i": 0.0,
  "ee->jpsi.rho_g_ls_1r": 0.9233913384787873,
  "ee->jpsi.rho_g_ls_1i": 0.4644078131843856,
  "ee->jpsi.rho_g_ls_2r": 1.903393699400342,
  "ee->jpsi.rho_g_ls_2i": -1.464096975825556,
  "ee->jpsi.rho_g_ls_3r": 0.30024674106045124,
  "ee->jpsi.rho_g_ls_3i": 0.5365923127431627,
  "jpsi->mup.mum_g_ls_0r": 1.0,
  "jpsi->mup.mum_g_ls_0i": 0.0,
  "jpsi->mup.mum_g_ls_1r": 0.05355318823075761,
  "jpsi->mup.mum_g_ls_1i": 1.8143033113711846,
  "rho->pip.pim_g_ls_0r": 1.0,
  "rho->pip.pim_g_ls_0i": 0.0,
  "ee->jpsi.f2jpsi->mup.mumf2->pip.pim_total_0r": 1.0,
  "ee->jpsi.f2jpsi->mup.mumf2->pip.pim_total_0i": -3.0073945971982634,
  "ee->jpsi.f2_g_ls_0r": 1.0,
  "ee->jpsi.f2_g_ls_0i": 0.0,
  "ee->jpsi.f2_g_ls_1r": 1.413072432573879,
  "ee->jpsi.f2_g_ls_1i": -0.765951684235509,
  "ee->jpsi.f2_g_ls_2r": 0.39022200081972613,
  "ee->jpsi.f2_g_ls_2i": 0.6165061521930646,
  "ee->jpsi.f2_g_ls_3r": 1.7267451373222023,
  "ee->jpsi.f2_g_ls_3i": -0.16129471244870075,
  "ee->jpsi.f2_g_ls_4r": 0.7394543541286964,
  "ee->jpsi.f2_g_ls_4i": -1.8260005957716412,
  "f2->pip.pim_g_ls_0r": 1.0,
  "f2->pip.pim_g_ls_0i": 0.0,
  "ee->Zc2.pimZc2->jpsi.pipjpsi->mup.mum_total_0r": 1.0,
  "ee->Zc2.pimZc2->jpsi.pipjpsi->mup.mum_total_0i": -0.5997756989848666,
  "ee->Zc2.pim_g_ls_0r": 1.0,
  "ee->Zc2.pim_g_ls_0i": 0.0,
  "Zc2->jpsi.pip_g_ls_0r": 1.0,
  "Zc2->jpsi.pip_g_ls_0i": 0.0,
  "ee->Zc1.pipZc1->jpsi.pimjpsi->mup.mum_total_0r": 1.0,
  "ee->Zc1.pipZc1->jpsi.pimjpsi->mup.mum_total_0i": 0.39366817291749534,
  "ee->Zc1.pip_g_ls_0r": 1.0,
  "ee->Zc1.pip_g_ls_0i": 0.0,
  "Zc1->jpsi.pim_g_ls_0r": 1.0,
  "Zc1->jpsi.pim_g_ls_0i": 0.0
}
